ags,name,bundesland_id,bundesland,bevoelkerung_total,bevoelkerung_maennlich,bevoelkerung_weiblich,mj_wohnort_insgesamt,mj_wohnort_ausschliesslich,mj_wohnort_nebenjob,mj_arbeitsort_insgesamt,mj_arbeitsort_ausschliesslich,mj_arbeitsort_nebenjob,mj_wohnort_insgesamt_prozent,mj_wohnort_ausschliesslich_prozent,mj_wohnort_nebenjob_prozent,mj_arbeitsort_insgesamt_prozent,mj_arbeitsort_ausschliesslich_prozent,mj_arbeitsort_nebenjob_prozent
12051000,"Brandenburg an der Havel, Stadt",12,Brandenburg,71574,35323,36251,3561,2753,808,3833,2939,894,5.0,3.8,1.1,5.4,4.1,1.2
12052000,"Cottbus, Stadt",12,Brandenburg,99687,49100,50587,6147,4738,1409,8083,6235,1848,6.2,4.8,1.4,8.1,6.3,1.9
12053000,"Frankfurt (Oder), Stadt",12,Brandenburg,58092,27989,30103,2959,2184,775,4014,3053,961,5.1,3.8,1.3,6.9,5.3,1.7
12054000,"Potsdam, Stadt",12,Brandenburg,167745,80854,86891,9383,6539,2844,12408,8814,3594,5.6,3.9,1.7,7.4,5.3,2.1
12060005,Ahrensfelde,12,Brandenburg,12954,6492,6462,694,430,264,701,462,239,5.4,3.3,2.0,5.4,3.6,1.8
12060020,"Bernau bei Berlin, Stadt",12,Brandenburg,37169,18105,19064,1871,1269,602,1817,1271,546,5.0,3.4,1.6,4.9,3.4,1.5
12060052,"Eberswalde, Stadt",12,Brandenburg,39303,19283,20020,2055,1604,451,2103,1639,464,5.2,4.1,1.1,5.4,4.2,1.2
12060181,Panketal,12,Brandenburg,20131,9962,10169,914,585,329,599,400,199,4.5,2.9,1.6,3.0,2.0,1.0
12060198,Schorfheide,12,Brandenburg,9908,4973,4935,454,336,118,395,296,99,4.6,3.4,1.2,4.0,3.0,1.0
12060269,Wandlitz,12,Brandenburg,22095,11120,10975,1020,659,361,797,520,277,4.6,3.0,1.6,3.6,2.4,1.3
12060280,"Werneuchen, Stadt",12,Brandenburg,8321,4186,4135,429,297,132,340,249,91,5.2,3.6,1.6,4.1,3.0,1.1
12060024,"Biesenthal, Stadt",12,Brandenburg,5679,2814,2865,248,171,77,191,148,43,4.4,3.0,1.4,3.4,2.6,0.8
12060034,Breydin,12,Brandenburg,781,393,388,42,32,10,14,-1,-1,5.4,4.1,1.3,1.8,,
12060154,Marienwerder,12,Brandenburg,1745,888,857,94,64,30,53,38,15,5.4,3.7,1.7,3.0,2.2,0.9
12060161,Melchow,12,Brandenburg,932,475,457,44,35,9,25,20,5,4.7,3.8,1.0,2.7,2.1,0.5
12060192,Rüdnitz,12,Brandenburg,1980,1004,976,110,70,40,40,31,9,5.6,3.5,2.0,2.0,1.6,0.5
12060250,Sydower Fließ,12,Brandenburg,921,471,450,40,26,14,13,-1,-1,4.3,2.8,1.5,1.4,,
12060012,Althüttendorf,12,Brandenburg,614,331,283,28,24,4,31,24,7,4.6,3.9,0.7,5.0,3.9,1.1
12060068,Friedrichswalde,12,Brandenburg,807,412,395,50,27,23,30,21,9,6.2,3.3,2.9,3.7,2.6,1.1
12060100,"Joachimsthal, Stadt",12,Brandenburg,3465,1731,1734,188,137,51,148,112,36,5.4,4.0,1.5,4.3,3.2,1.0
12060296,Ziethen,12,Brandenburg,449,233,216,21,-1,-1,20,16,4,4.7,,,4.5,3.6,0.9
12060036,Britz,12,Brandenburg,2137,1058,1079,105,79,26,71,57,14,4.9,3.7,1.2,3.3,2.7,0.7
12060045,Chorin,12,Brandenburg,2265,1114,1151,98,74,24,68,49,19,4.3,3.3,1.1,3.0,2.2,0.8
12060092,Hohenfinow,12,Brandenburg,526,287,239,36,27,9,15,12,3,6.8,5.1,1.7,2.9,2.3,0.6
12060128,Liepe,12,Brandenburg,647,341,306,26,19,7,18,15,3,4.0,2.9,1.1,2.8,2.3,0.5
12060149,Lunow-Stolzenhagen,12,Brandenburg,1208,596,612,77,67,10,39,-1,-1,6.4,5.5,0.8,3.2,,
12060172,Niederfinow,12,Brandenburg,619,307,312,20,13,7,13,-1,-1,3.2,2.1,1.1,2.1,,
12060176,"Oderberg, Stadt",12,Brandenburg,2199,1134,1065,111,91,20,62,56,6,5.0,4.1,0.9,2.8,2.5,0.3
12060185,Parsteinsee,12,Brandenburg,556,287,269,23,-1,-1,26,-1,-1,4.1,,,4.7,,
12061020,Bestensee,12,Brandenburg,7367,3697,3670,373,224,149,266,182,84,5.1,3.0,2.0,3.6,2.5,1.1
12061112,Eichwalde,12,Brandenburg,6426,3117,3309,326,214,112,217,154,63,5.1,3.3,1.7,3.4,2.4,1.0
12061217,Heidesee,12,Brandenburg,6889,3423,3466,365,244,121,244,182,62,5.3,3.5,1.8,3.5,2.6,0.9
12061219,Heideblick,12,Brandenburg,3666,1856,1810,165,119,46,86,54,32,4.5,3.2,1.3,2.3,1.5,0.9
12061260,"Königs Wusterhausen, Stadt",12,Brandenburg,35765,17514,18251,1731,1184,547,1334,911,423,4.8,3.3,1.5,3.7,2.5,1.2
12061316,"Lübben (Spreewald), Stadt",12,Brandenburg,13824,6641,7183,829,628,201,742,554,188,6.0,4.5,1.5,5.4,4.0,1.4
12061320,"Luckau, Stadt",12,Brandenburg,9533,4691,4842,507,365,142,447,345,102,5.3,3.8,1.5,4.7,3.6,1.1
12061329,Märkische Heide,12,Brandenburg,3954,1979,1975,233,168,65,124,87,37,5.9,4.2,1.6,3.1,2.2,0.9
12061332,"Mittenwalde, Stadt",12,Brandenburg,8898,4551,4347,489,310,179,396,266,130,5.5,3.5,2.0,4.5,3.0,1.5
12061433,Schönefeld,12,Brandenburg,14190,7215,6975,771,460,311,793,522,271,5.4,3.2,2.2,5.6,3.7,1.9
12061444,Schulzendorf,12,Brandenburg,7872,3855,4017,393,265,128,111,77,34,5.0,3.4,1.6,1.4,1.0,0.4
12061540,"Wildau, Stadt",12,Brandenburg,9978,4885,5093,554,385,169,1017,712,305,5.6,3.9,1.7,10.2,7.1,3.1
12061572,Zeuthen,12,Brandenburg,11106,5382,5724,529,363,166,335,216,119,4.8,3.3,1.5,3.0,1.9,1.1
12061192,Groß Köris,12,Brandenburg,2253,1106,1147,90,66,24,62,48,14,4.0,2.9,1.1,2.8,2.1,0.6
12061216,Halbe,12,Brandenburg,2615,1417,1198,113,85,28,75,61,14,4.3,3.3,1.1,2.9,2.3,0.5
12061328,"Märkisch Buchholz, Stadt",12,Brandenburg,773,390,383,34,20,14,21,15,6,4.4,2.6,1.8,2.7,1.9,0.8
12061344,Münchehofe,12,Brandenburg,469,223,246,32,19,13,15,11,4,6.8,4.1,2.8,3.2,2.3,0.9
12061448,Schwerin,12,Brandenburg,814,410,404,42,28,14,40,23,17,5.2,3.4,1.7,4.9,2.8,2.1
12061492,"Teupitz, Stadt",12,Brandenburg,1813,931,882,93,57,36,105,69,36,5.1,3.1,2.0,5.8,3.8,2.0
12061005,Alt Zauche-Wußwerk,12,Brandenburg,502,253,249,33,23,10,9,-1,-1,6.6,4.6,2.0,1.8,,
12061061,Byhleguhre-Byhlen,12,Brandenburg,772,401,371,40,31,9,17,11,6,5.2,4.0,1.2,2.2,1.4,0.8
12061224,Jamlitz,12,Brandenburg,534,282,252,28,22,6,-1,-1,-1,5.2,4.1,1.1,-0.2,,
12061308,"Lieberose, Stadt",12,Brandenburg,1379,690,689,97,72,25,63,50,13,7.0,5.2,1.8,4.6,3.6,0.9
12061352,Neu Zauche,12,Brandenburg,1119,571,548,65,46,19,30,22,8,5.8,4.1,1.7,2.7,2.0,0.7
12061450,Schwielochsee,12,Brandenburg,1499,768,731,89,74,15,53,43,10,5.9,4.9,1.0,3.5,2.9,0.7
12061470,Spreewaldheide,12,Brandenburg,464,242,222,31,24,7,n/a,n/a,n/a,6.7,5.2,1.5,,,
12061476,Straupitz,12,Brandenburg,976,491,485,60,49,11,77,62,15,6.1,5.0,1.1,7.9,6.4,1.5
12061017,Bersteland,12,Brandenburg,896,453,443,45,29,16,42,26,16,5.0,3.2,1.8,4.7,2.9,1.8
12061097,Drahnsdorf,12,Brandenburg,611,319,292,30,23,7,-1,-1,-1,4.9,3.8,1.1,-0.2,,
12061164,"Golßen, Stadt",12,Brandenburg,2567,1287,1280,131,95,36,93,76,17,5.1,3.7,1.4,3.6,3.0,0.7
12061244,Kasel-Golzig,12,Brandenburg,685,359,326,33,24,9,13,6,7,4.8,3.5,1.3,1.9,0.9,1.0
12061265,Krausnick-Groß Wasserburg,12,Brandenburg,600,305,295,25,18,7,44,35,9,4.2,3.0,1.2,7.3,5.8,1.5
12061405,Rietzneuendorf-Staakow,12,Brandenburg,613,307,306,24,20,4,-1,-1,-1,3.9,3.3,0.7,-0.2,,
12061428,Schlepzig,12,Brandenburg,619,280,339,38,25,13,46,27,19,6.1,4.0,2.1,7.4,4.4,3.1
12061435,Schönwald,12,Brandenburg,1129,574,555,63,35,28,42,27,15,5.6,3.1,2.5,3.7,2.4,1.3
12061471,Steinreich,12,Brandenburg,507,279,228,30,19,11,-1,-1,-1,5.9,3.7,2.2,-0.2,,
12061510,Unterspreewald,12,Brandenburg,851,443,408,54,42,12,37,26,11,6.3,4.9,1.4,4.3,3.1,1.3
12062024,"Bad Liebenwerda, Stadt",12,Brandenburg,9305,4554,4751,515,383,132,447,333,114,5.5,4.1,1.4,4.8,3.6,1.2
12062092,"Doberlug-Kirchhain, Stadt",12,Brandenburg,8746,4402,4344,471,372,99,413,335,78,5.4,4.3,1.1,4.7,3.8,0.9
12062124,"Elsterwerda, Stadt",12,Brandenburg,8186,3999,4187,394,291,103,472,350,122,4.8,3.6,1.3,5.8,4.3,1.5
12062128,"Falkenberg/Elster, Stadt",12,Brandenburg,6431,3185,3246,336,270,66,285,221,64,5.2,4.2,1.0,4.4,3.4,1.0
12062140,"Finsterwalde, Stadt",12,Brandenburg,16548,7868,8680,1045,843,202,926,722,204,6.3,5.1,1.2,5.6,4.4,1.2
12062224,"Herzberg (Elster), Stadt",12,Brandenburg,9067,4341,4726,592,450,142,577,441,136,6.5,5.0,1.6,6.4,4.9,1.5
12062341,"Mühlberg/Elbe, Stadt",12,Brandenburg,3856,1926,1930,184,154,30,106,91,15,4.8,4.0,0.8,2.7,2.4,0.4
12062410,Röderland,12,Brandenburg,3957,1956,2001,184,135,49,115,82,33,4.6,3.4,1.2,2.9,2.1,0.8
12062461,"Schönewalde, Stadt",12,Brandenburg,3115,1617,1498,142,103,39,96,63,33,4.6,3.3,1.3,3.1,2.0,1.1
12062469,"Sonnewalde, Stadt",12,Brandenburg,3319,1701,1618,169,131,38,112,85,27,5.1,3.9,1.1,3.4,2.6,0.8
12062500,"Uebigau-Wahrenbrück, Stadt",12,Brandenburg,5462,2744,2718,281,216,65,161,126,35,5.1,4.0,1.2,2.9,2.3,0.6
12062219,Heideland,12,Brandenburg,532,269,263,32,26,6,16,-1,-1,6.0,4.9,1.1,3.0,,
12062417,Rückersdorf,12,Brandenburg,1466,753,713,94,78,16,59,44,15,6.4,5.3,1.1,4.0,3.0,1.0
12062440,Schilda,12,Brandenburg,484,258,226,24,18,6,-1,-1,-1,5.0,3.7,1.2,-0.2,,
12062453,Schönborn,12,Brandenburg,1565,795,770,75,60,15,29,22,7,4.8,3.8,1.0,1.9,1.4,0.4
12062492,Tröbitz,12,Brandenburg,712,356,356,33,28,5,-1,-1,-1,4.6,3.9,0.7,-0.1,,
12062088,Crinitz,12,Brandenburg,1222,606,616,72,53,19,89,79,10,5.9,4.3,1.6,7.3,6.5,0.8
12062293,Lichterfeld-Schacksdorf,12,Brandenburg,1121,611,510,77,59,18,46,28,18,6.9,5.3,1.6,4.1,2.5,1.6
12062333,Massen-Niederlausitz,12,Brandenburg,1962,992,970,105,76,29,298,234,64,5.4,3.9,1.5,15.2,11.9,3.3
12062425,Sallgast,12,Brandenburg,1458,755,703,78,55,23,46,37,9,5.3,3.8,1.6,3.2,2.5,0.6
12062177,Gorden-Staupitz,12,Brandenburg,957,487,470,47,36,11,25,19,6,4.9,3.8,1.1,2.6,2.0,0.6
12062240,Hohenleipisch,12,Brandenburg,2048,1075,973,114,89,25,48,32,16,5.6,4.3,1.2,2.3,1.6,0.8
12062372,Plessa,12,Brandenburg,2713,1362,1351,124,95,29,58,49,9,4.6,3.5,1.1,2.1,1.8,0.3
12062464,Schraden,12,Brandenburg,522,260,262,20,15,5,9,-1,-1,3.8,2.9,1.0,1.7,,
12062134,Fichtwald,12,Brandenburg,673,337,336,33,26,7,22,15,7,4.9,3.9,1.0,3.3,2.2,1.0
12062237,Hohenbucko,12,Brandenburg,646,327,319,41,35,6,36,23,13,6.3,5.4,0.9,5.6,3.6,2.0
12062282,Kremitzaue,12,Brandenburg,809,404,405,29,23,6,7,4,3,3.6,2.8,0.7,0.9,0.5,0.4
12062289,Lebusa,12,Brandenburg,789,402,387,40,31,9,32,24,8,5.1,3.9,1.1,4.1,3.0,1.0
12062445,"Schlieben, Stadt",12,Brandenburg,2452,1206,1246,137,112,25,110,87,23,5.6,4.6,1.0,4.5,3.5,0.9
12062196,Gröden,12,Brandenburg,1373,683,690,72,53,19,47,40,7,5.2,3.9,1.4,3.4,2.9,0.5
12062208,Großthiemig,12,Brandenburg,1073,534,539,56,46,10,28,22,6,5.2,4.3,0.9,2.6,2.1,0.6
12062232,Hirschfeld,12,Brandenburg,1279,648,631,58,42,16,34,28,6,4.5,3.3,1.3,2.7,2.2,0.5
12062336,Merzdorf,12,Brandenburg,825,407,418,50,41,9,13,-1,-1,6.1,5.0,1.1,1.6,,
12063036,Brieselang,12,Brandenburg,11484,5800,5684,649,452,197,349,242,107,5.7,3.9,1.7,3.0,2.1,0.9
12063056,Dallgow-Döberitz,12,Brandenburg,9700,4816,4884,514,353,161,456,340,116,5.3,3.6,1.7,4.7,3.5,1.2
12063080,"Falkensee, Stadt",12,Brandenburg,42634,20853,21781,2194,1466,728,1902,1274,628,5.1,3.4,1.7,4.5,3.0,1.5
12063148,"Ketzin/Havel, Stadt",12,Brandenburg,6412,3190,3222,352,245,107,249,155,94,5.5,3.8,1.7,3.9,2.4,1.5
12063189,Milower Land,12,Brandenburg,4333,2210,2123,211,149,62,113,83,30,4.9,3.4,1.4,2.6,1.9,0.7
12063208,"Nauen, Stadt",12,Brandenburg,16943,8372,8571,963,673,290,897,634,263,5.7,4.0,1.7,5.3,3.7,1.6
12063244,"Premnitz, Stadt",12,Brandenburg,8422,4082,4340,389,296,93,335,254,81,4.6,3.5,1.1,4.0,3.0,1.0
12063252,"Rathenow, Stadt",12,Brandenburg,24387,11864,12523,1287,988,299,1331,1054,277,5.3,4.1,1.2,5.5,4.3,1.1
12063273,Schönwalde-Glien,12,Brandenburg,9351,4665,4686,524,343,181,364,239,125,5.6,3.7,1.9,3.9,2.6,1.3
12063357,Wustermark,12,Brandenburg,8683,4343,4340,441,296,145,471,380,91,5.1,3.4,1.7,5.4,4.4,1.0
12063088,"Friesack, Stadt",12,Brandenburg,2794,1467,1327,119,86,33,117,91,26,4.3,3.1,1.2,4.2,3.3,0.9
12063142,Wiesenaue,12,Brandenburg,738,377,361,30,20,10,15,-1,-1,4.1,2.7,1.4,2.0,,
12063202,Mühlenberge,12,Brandenburg,720,373,347,29,26,3,22,-1,-1,4.0,3.6,0.4,3.1,,
12063228,Paulinenaue,12,Brandenburg,1238,617,621,51,34,17,40,27,13,4.1,2.7,1.4,3.2,2.2,1.1
12063240,Pessin,12,Brandenburg,650,323,327,46,29,17,27,16,11,7.1,4.5,2.6,4.2,2.5,1.7
12063256,Retzow,12,Brandenburg,518,242,276,33,25,8,17,12,5,6.4,4.8,1.5,3.3,2.3,1.0
12063165,Kotzen,12,Brandenburg,585,307,278,25,16,9,8,-1,-1,4.3,2.7,1.5,1.4,,
12063186,Märkisch Luch,12,Brandenburg,1251,650,601,65,50,15,29,25,4,5.2,4.0,1.2,2.3,2.0,0.3
12063212,Nennhausen,12,Brandenburg,1901,952,949,96,71,25,61,47,14,5.0,3.7,1.3,3.2,2.5,0.7
12063293,Stechow-Ferchesar,12,Brandenburg,895,453,442,64,47,17,33,24,9,7.2,5.3,1.9,3.7,2.7,1.0
12063094,Gollenberg,12,Brandenburg,408,204,204,32,27,5,-1,-1,-1,7.8,6.6,1.2,-0.2,,
12063112,Großderschau,12,Brandenburg,437,239,198,29,-1,-1,24,17,7,6.6,,,5.5,3.9,1.6
12063134,Havelaue,12,Brandenburg,878,451,427,57,38,19,30,24,6,6.5,4.3,2.2,3.4,2.7,0.7
12063161,Kleßen-Görne,12,Brandenburg,339,182,157,19,-1,-1,-1,-1,-1,5.6,,,-0.3,,
12063260,"Rhinow, Stadt",12,Brandenburg,1625,818,807,116,90,26,91,77,14,7.1,5.5,1.6,5.6,4.7,0.9
12063274,Seeblick,12,Brandenburg,910,466,444,43,34,9,25,16,9,4.7,3.7,1.0,2.7,1.8,1.0
12064029,"Altlandsberg, Stadt",12,Brandenburg,9158,4599,4559,469,307,162,322,207,115,5.1,3.4,1.8,3.5,2.3,1.3
12064044,"Bad Freienwalde (Oder), Stadt",12,Brandenburg,12406,6050,6356,572,446,126,687,532,155,4.6,3.6,1.0,5.5,4.3,1.2
12064136,Fredersdorf-Vogelsdorf,12,Brandenburg,13104,6494,6610,541,342,199,505,318,187,4.1,2.6,1.5,3.9,2.4,1.4
12064227,Hoppegarten,12,Brandenburg,17636,8723,8913,830,509,321,1028,718,310,4.7,2.9,1.8,5.8,4.1,1.8
12064274,Letschin,12,Brandenburg,4035,2043,1992,215,171,44,141,113,28,5.3,4.2,1.1,3.5,2.8,0.7
12064317,"Müncheberg, Stadt",12,Brandenburg,6783,3458,3325,320,236,84,275,208,67,4.7,3.5,1.2,4.1,3.1,1.0
12064336,Neuenhagen bei Berlin,12,Brandenburg,17593,8566,9027,886,549,337,648,451,197,5.0,3.1,1.9,3.7,2.6,1.1
12064380,Petershagen/Eggersdorf,12,Brandenburg,14520,7187,7333,721,488,233,358,247,111,5.0,3.4,1.6,2.5,1.7,0.8
12064428,Rüdersdorf bei Berlin,12,Brandenburg,15313,7706,7607,786,584,202,653,473,180,5.1,3.8,1.3,4.3,3.1,1.2
12064448,"Seelow, Stadt",12,Brandenburg,5387,2604,2783,318,248,70,340,272,68,5.9,4.6,1.3,6.3,5.0,1.3
12064472,"Strausberg, Stadt",12,Brandenburg,26213,12626,13587,1227,881,346,1435,1047,388,4.7,3.4,1.3,5.5,4.0,1.5
12064512,"Wriezen, Stadt",12,Brandenburg,7355,3673,3682,386,312,74,293,226,67,5.2,4.2,1.0,4.0,3.1,0.9
12064053,Beiersdorf-Freudenberg,12,Brandenburg,593,293,300,28,24,4,24,18,6,4.7,4.0,0.7,4.0,3.0,1.0
12064125,Falkenberg,12,Brandenburg,2208,1125,1083,118,89,29,79,64,15,5.3,4.0,1.3,3.6,2.9,0.7
12064205,Heckelberg-Brunow,12,Brandenburg,668,349,319,45,35,10,15,-1,-1,6.7,5.2,1.5,2.2,,
12064222,Höhenland,12,Brandenburg,1026,527,499,50,36,14,63,43,20,4.9,3.5,1.4,6.1,4.2,1.9
12064009,Alt Tucheband,12,Brandenburg,766,385,381,37,28,9,24,15,9,4.8,3.7,1.2,3.1,2.0,1.2
12064057,Bleyen-Genschmar,12,Brandenburg,468,241,227,24,21,3,-1,-1,n/a,5.1,4.5,0.6,-0.2,,
12064172,Golzow,12,Brandenburg,836,422,414,47,32,15,37,31,6,5.6,3.8,1.8,4.4,3.7,0.7
12064266,Küstriner Vorland,12,Brandenburg,2605,1348,1257,119,94,25,89,56,33,4.6,3.6,1.0,3.4,2.1,1.3
12064538,Zechin,12,Brandenburg,638,325,313,21,18,3,-1,-1,-1,3.3,2.8,0.5,-0.2,,
12064268,"Lebus, Stadt",12,Brandenburg,3146,1578,1568,151,104,47,88,61,27,4.8,3.3,1.5,2.8,1.9,0.9
12064388,Podelzig,12,Brandenburg,855,426,429,57,40,17,27,21,6,6.7,4.7,2.0,3.2,2.5,0.7
12064420,Reitwein,12,Brandenburg,463,234,229,12,9,3,-1,-1,-1,2.6,1.9,0.6,-0.2,,
12064480,Treplin,12,Brandenburg,377,196,181,22,12,10,16,10,6,5.8,3.2,2.7,4.2,2.7,1.6
12064539,Zeschdorf,12,Brandenburg,1242,626,616,60,45,15,19,15,4,4.8,3.6,1.2,1.5,1.2,0.3
12064084,"Buckow (Märkische Schweiz), Stadt",12,Brandenburg,1510,740,770,66,43,23,83,60,23,4.4,2.8,1.5,5.5,4.0,1.5
12064153,Garzau-Garzin,12,Brandenburg,716,417,299,37,30,7,34,17,17,5.2,4.2,1.0,4.7,2.4,2.4
12064370,Oberbarnim,12,Brandenburg,1380,692,688,66,45,21,26,21,5,4.8,3.3,1.5,1.9,1.5,0.4
12064408,Rehfelde,12,Brandenburg,4789,2422,2367,223,141,82,111,81,30,4.7,2.9,1.7,2.3,1.7,0.6
12064484,Waldsieversdorf,12,Brandenburg,819,420,399,52,34,18,26,18,8,6.3,4.2,2.2,3.2,2.2,1.0
12064190,Gusow-Platkow,12,Brandenburg,1222,631,591,59,41,18,25,15,10,4.8,3.4,1.5,2.0,1.2,0.8
12064303,Märkische Höhe,12,Brandenburg,576,299,277,38,27,11,-1,-1,-1,6.6,4.7,1.9,-0.2,,
12064340,Neuhardenberg,12,Brandenburg,2715,1440,1275,150,117,33,181,146,35,5.5,4.3,1.2,6.7,5.4,1.3
12064128,Falkenhagen (Mark),12,Brandenburg,711,362,349,49,38,11,23,20,3,6.9,5.3,1.5,3.2,2.8,0.4
12064130,Fichtenhöhe,12,Brandenburg,506,257,249,27,19,8,10,6,4,5.3,3.8,1.6,2.0,1.2,0.8
12064288,Lietzen,12,Brandenburg,736,416,320,34,25,9,21,18,3,4.6,3.4,1.2,2.9,2.4,0.4
12064290,Lindendorf,12,Brandenburg,1354,707,647,69,44,25,36,22,14,5.1,3.2,1.8,2.7,1.6,1.0
12064482,Vierlinden,12,Brandenburg,1581,860,721,82,63,19,78,50,28,5.2,4.0,1.2,4.9,3.2,1.8
12064061,Bliesdorf,12,Brandenburg,1223,679,544,56,46,10,22,-1,-1,4.6,3.8,0.8,1.8,,
12064349,Neulewin,12,Brandenburg,921,470,451,44,35,9,25,22,3,4.8,3.8,1.0,2.7,2.4,0.3
12064365,Neutrebbin,12,Brandenburg,1409,696,713,80,70,10,52,40,12,5.7,5.0,0.7,3.7,2.8,0.9
12064371,Oderaue,12,Brandenburg,1605,813,792,89,71,18,51,38,13,5.5,4.4,1.1,3.2,2.4,0.8
12064393,Prötzel,12,Brandenburg,998,513,485,54,36,18,26,21,5,5.4,3.6,1.8,2.6,2.1,0.5
12064417,Reichenow-Möglin,12,Brandenburg,549,268,281,27,22,5,17,11,6,4.9,4.0,0.9,3.1,2.0,1.1
12065036,Birkenwerder,12,Brandenburg,8019,3985,4034,393,262,131,344,225,119,4.9,3.3,1.6,4.3,2.8,1.5
12065084,"Fürstenberg/Havel, Stadt",12,Brandenburg,5854,2886,2968,400,318,82,337,270,67,6.8,5.4,1.4,5.8,4.6,1.1
12065096,Glienicke/Nordbahn,12,Brandenburg,12155,5816,6339,668,430,238,458,336,122,5.5,3.5,2.0,3.8,2.8,1.0
12065136,"Hennigsdorf, Stadt",12,Brandenburg,26264,12901,13363,1236,887,349,1111,773,338,4.7,3.4,1.3,4.2,2.9,1.3
12065144,"Hohen Neuendorf, Stadt",12,Brandenburg,25519,12400,13119,1286,847,439,970,689,281,5.0,3.3,1.7,3.8,2.7,1.1
12065165,"Kremmen, Stadt",12,Brandenburg,7238,3633,3605,392,261,131,316,212,104,5.4,3.6,1.8,4.4,2.9,1.4
12065180,Leegebruch,12,Brandenburg,6678,3297,3381,327,216,111,170,119,51,4.9,3.2,1.7,2.5,1.8,0.8
12065193,"Liebenwalde, Stadt",12,Brandenburg,4261,2158,2103,241,173,68,147,95,52,5.7,4.1,1.6,3.4,2.2,1.2
12065198,Löwenberger Land,12,Brandenburg,8101,4094,4007,450,342,108,314,250,64,5.6,4.2,1.3,3.9,3.1,0.8
12065225,Mühlenbecker Land,12,Brandenburg,14795,7344,7451,759,486,273,479,306,173,5.1,3.3,1.8,3.2,2.1,1.2
12065251,Oberkrämer,12,Brandenburg,10876,5505,5371,561,372,189,366,264,102,5.2,3.4,1.7,3.4,2.4,0.9
12065256,"Oranienburg, Stadt",12,Brandenburg,43526,21390,22136,2398,1694,704,2575,1897,678,5.5,3.9,1.6,5.9,4.4,1.6
12065332,"Velten, Stadt",12,Brandenburg,11766,5823,5943,711,493,218,587,420,167,6.0,4.2,1.9,5.0,3.6,1.4
12065356,"Zehdenick, Stadt",12,Brandenburg,13409,6701,6708,717,566,151,563,446,117,5.3,4.2,1.1,4.2,3.3,0.9
12065100,"Gransee, Stadt",12,Brandenburg,5814,2900,2914,303,241,62,318,242,76,5.2,4.1,1.1,5.5,4.2,1.3
12065117,Großwoltersdorf,12,Brandenburg,793,411,382,45,28,17,37,30,7,5.7,3.5,2.1,4.7,3.8,0.9
12065276,Schönermark,12,Brandenburg,446,227,219,37,33,4,15,-1,-1,8.3,7.4,0.9,3.4,,
12065301,Sonnenberg,12,Brandenburg,823,424,399,64,47,17,20,-1,-1,7.8,5.7,2.1,2.4,,
12065310,Stechlin,12,Brandenburg,1187,583,604,70,55,15,41,31,10,5.9,4.6,1.3,3.5,2.6,0.8
12066052,"Calau, Stadt",12,Brandenburg,7833,3916,3917,458,359,99,285,247,38,5.8,4.6,1.3,3.6,3.2,0.5
12066112,"Großräschen, Stadt",12,Brandenburg,8655,4253,4402,549,442,107,566,464,102,6.3,5.1,1.2,6.5,5.4,1.2
12066176,"Lauchhammer, Stadt",12,Brandenburg,15084,7400,7684,756,586,170,628,499,129,5.0,3.9,1.1,4.2,3.3,0.9
12066196,"Lübbenau/Spreewald, Stadt",12,Brandenburg,16237,7921,8316,909,704,205,857,661,196,5.6,4.3,1.3,5.3,4.1,1.2
12066285,Schipkau,12,Brandenburg,6813,3397,3416,390,294,96,350,236,114,5.7,4.3,1.4,5.1,3.5,1.7
12066296,"Schwarzheide, Stadt",12,Brandenburg,5795,2863,2932,296,237,59,353,228,125,5.1,4.1,1.0,6.1,3.9,2.2
12066304,"Senftenberg, Stadt",12,Brandenburg,24625,11921,12704,1572,1272,300,1449,1117,332,6.4,5.2,1.2,5.9,4.5,1.3
12066320,"Vetschau/Spreewald, Stadt",12,Brandenburg,8307,4140,4167,439,330,109,341,251,90,5.3,4.0,1.3,4.1,3.0,1.1
12066008,Altdöbern,12,Brandenburg,2527,1270,1257,121,96,25,98,75,23,4.8,3.8,1.0,3.9,3.0,0.9
12066041,Bronkow,12,Brandenburg,601,309,292,41,28,13,36,26,10,6.8,4.7,2.2,6.0,4.3,1.7
12066202,Luckaitztal,12,Brandenburg,822,419,403,39,31,8,13,10,3,4.7,3.8,1.0,1.6,1.2,0.4
12066226,Neu-Seeland,12,Brandenburg,585,299,286,40,32,8,-1,-1,-1,6.8,5.5,1.4,-0.2,,
12066228,Neupetershain,12,Brandenburg,1254,609,645,65,50,15,27,22,5,5.2,4.0,1.2,2.2,1.8,0.4
12066064,Frauendorf,12,Brandenburg,696,355,341,29,18,11,35,17,18,4.2,2.6,1.6,5.0,2.4,2.6
12066104,Großkmehlen,12,Brandenburg,1086,544,542,78,55,23,62,47,15,7.2,5.1,2.1,5.7,4.3,1.4
12066168,Kroppen,12,Brandenburg,676,341,335,19,16,3,8,8,n/a,2.8,2.4,0.4,1.2,1.2,
12066188,Lindenau,12,Brandenburg,741,375,366,42,31,11,15,12,3,5.7,4.2,1.5,2.0,1.6,0.4
12066240,"Ortrand, Stadt",12,Brandenburg,2154,1037,1117,117,89,28,112,89,23,5.4,4.1,1.3,5.2,4.1,1.1
12066316,Tettau,12,Brandenburg,789,383,406,42,26,16,15,12,3,5.3,3.3,2.0,1.9,1.5,0.4
12066116,Grünewald,12,Brandenburg,537,277,260,18,13,5,-1,-1,-1,3.4,2.4,0.9,-0.2,,
12066120,Guteborn,12,Brandenburg,542,275,267,26,22,4,11,7,4,4.8,4.1,0.7,2.0,1.3,0.7
12066124,Hermsdorf,12,Brandenburg,797,393,404,24,13,11,15,9,6,3.0,1.6,1.4,1.9,1.1,0.8
12066132,Hohenbocka,12,Brandenburg,958,474,484,44,30,14,16,12,4,4.6,3.1,1.5,1.7,1.3,0.4
12066272,"Ruhland, Stadt",12,Brandenburg,3665,1791,1874,199,143,56,130,108,22,5.4,3.9,1.5,3.5,2.9,0.6
12066292,Schwarzbach,12,Brandenburg,671,325,346,42,31,11,26,19,7,6.3,4.6,1.6,3.9,2.8,1.0
12067036,"Beeskow, Stadt",12,Brandenburg,8122,3902,4220,466,348,118,441,303,138,5.7,4.3,1.5,5.4,3.7,1.7
12067120,"Eisenhüttenstadt, Stadt",12,Brandenburg,30416,15907,14509,1276,993,283,1331,1047,284,4.2,3.3,0.9,4.4,3.4,0.9
12067124,"Erkner, Stadt",12,Brandenburg,11668,5548,6120,580,413,167,425,319,106,5.0,3.5,1.4,3.6,2.7,0.9
12067137,"Friedland, Stadt",12,Brandenburg,3017,1550,1467,138,108,30,96,74,22,4.6,3.6,1.0,3.2,2.5,0.7
12067144,"Fürstenwalde/Spree, Stadt",12,Brandenburg,31741,15733,16008,1758,1358,400,2018,1563,455,5.5,4.3,1.3,6.4,4.9,1.4
12067201,Grünheide (Mark),12,Brandenburg,8327,4073,4254,433,294,139,283,183,100,5.2,3.5,1.7,3.4,2.2,1.2
12067426,Rietz-Neuendorf,12,Brandenburg,4124,2090,2034,199,135,64,99,69,30,4.8,3.3,1.6,2.4,1.7,0.7
12067440,Schöneiche bei Berlin,12,Brandenburg,12311,6055,6256,588,406,182,414,269,145,4.8,3.3,1.5,3.4,2.2,1.2
12067473,Steinhöfel,12,Brandenburg,4474,2270,2204,236,163,73,166,131,35,5.3,3.6,1.6,3.7,2.9,0.8
12067481,"Storkow (Mark), Stadt",12,Brandenburg,9020,4513,4507,559,417,142,438,305,133,6.2,4.6,1.6,4.9,3.4,1.5
12067493,Tauche,12,Brandenburg,3875,1958,1917,194,128,66,115,76,39,5.0,3.3,1.7,3.0,2.0,1.0
12067544,Woltersdorf,12,Brandenburg,8092,4012,4080,458,332,126,306,213,93,5.7,4.1,1.6,3.8,2.6,1.1
12067076,Brieskow-Finkenheerd,12,Brandenburg,2320,1153,1167,106,74,32,64,48,16,4.6,3.2,1.4,2.8,2.1,0.7
12067180,Groß Lindow,12,Brandenburg,1734,861,873,79,56,23,29,21,8,4.6,3.2,1.3,1.7,1.2,0.5
12067508,Vogelsang,12,Brandenburg,735,370,365,36,26,10,16,9,7,4.9,3.5,1.4,2.2,1.2,1.0
12067528,Wiesenau,12,Brandenburg,1270,615,655,74,55,19,57,38,19,5.8,4.3,1.5,4.5,3.0,1.5
12067552,Ziltendorf,12,Brandenburg,1570,783,787,70,57,13,27,20,7,4.5,3.6,0.8,1.7,1.3,0.4
12067292,Lawitz,12,Brandenburg,602,310,292,26,16,10,11,8,3,4.3,2.7,1.7,1.8,1.3,0.5
12067338,Neißemünde,12,Brandenburg,1610,799,811,81,59,22,38,28,10,5.0,3.7,1.4,2.4,1.7,0.6
12067357,Neuzelle,12,Brandenburg,4302,2147,2155,203,139,64,152,114,38,4.7,3.2,1.5,3.5,2.6,0.9
12067040,Berkenbrück,12,Brandenburg,998,478,520,49,36,13,-1,-1,-1,4.9,3.6,1.3,-0.1,,
12067072,Briesen (Mark),12,Brandenburg,2806,1429,1377,135,110,25,74,58,16,4.8,3.9,0.9,2.6,2.1,0.6
12067237,Jacobsdorf,12,Brandenburg,1863,912,951,88,60,28,79,53,26,4.7,3.2,1.5,4.2,2.8,1.4
12067024,Bad Saarow,12,Brandenburg,5251,2479,2772,253,184,69,290,203,87,4.8,3.5,1.3,5.5,3.9,1.7
12067112,Diensdorf-Radlow,12,Brandenburg,564,290,274,21,17,4,19,13,6,3.7,3.0,0.7,3.4,2.3,1.1
12067288,Langewahl,12,Brandenburg,850,423,427,49,33,16,10,5,5,5.8,3.9,1.9,1.2,0.6,0.6
12067413,Reichenwalde,12,Brandenburg,1115,574,541,56,35,21,29,21,8,5.0,3.1,1.9,2.6,1.9,0.7
12067520,Wendisch Rietz,12,Brandenburg,1531,717,814,85,52,33,115,81,34,5.6,3.4,2.2,7.5,5.3,2.2
12067205,Grunow-Dammendorf,12,Brandenburg,501,272,229,23,16,7,11,4,7,4.6,3.2,1.4,2.2,0.8,1.4
12067324,Mixdorf,12,Brandenburg,906,440,466,46,28,18,20,17,3,5.1,3.1,2.0,2.2,1.9,0.3
12067336,"Müllrose, Stadt",12,Brandenburg,4566,2226,2340,201,135,66,189,133,56,4.4,3.0,1.4,4.1,2.9,1.2
12067397,Ragow-Merz,12,Brandenburg,516,250,266,20,17,3,-1,-1,-1,3.9,3.3,0.6,-0.2,,
12067438,Schlaubetal,12,Brandenburg,1815,900,915,68,49,19,34,23,11,3.7,2.7,1.0,1.9,1.3,0.6
12067458,Siehdichum,12,Brandenburg,1522,756,766,64,45,19,18,11,7,4.2,3.0,1.2,1.2,0.7,0.5
12067173,Gosen-Neu Zittau,12,Brandenburg,3055,1562,1493,169,113,56,154,95,59,5.5,3.7,1.8,5.0,3.1,1.9
12067408,Rauen,12,Brandenburg,1979,998,981,93,62,31,60,40,20,4.7,3.1,1.6,3.0,2.0,1.0
12067469,Spreenhagen,12,Brandenburg,3229,1598,1631,161,120,41,113,88,25,5.0,3.7,1.3,3.5,2.7,0.8
12068117,Fehrbellin,12,Brandenburg,8829,4547,4282,421,314,107,293,226,67,4.8,3.6,1.2,3.3,2.6,0.8
12068181,Heiligengrabe,12,Brandenburg,4441,2242,2199,211,159,52,110,85,25,4.8,3.6,1.2,2.5,1.9,0.6
12068264,"Kyritz, Stadt",12,Brandenburg,9100,4453,4647,491,387,104,590,471,119,5.4,4.3,1.1,6.5,5.2,1.3
12068320,"Neuruppin, Stadt",12,Brandenburg,30715,15055,15660,1606,1177,429,1954,1415,539,5.2,3.8,1.4,6.4,4.6,1.8
12068353,"Rheinsberg, Stadt",12,Brandenburg,8153,4075,4078,450,331,119,374,275,99,5.5,4.1,1.5,4.6,3.4,1.2
12068468,"Wittstock/Dosse, Stadt",12,Brandenburg,14380,7112,7268,725,582,143,655,522,133,5.0,4.0,1.0,4.6,3.6,0.9
12068477,Wusterhausen/Dosse,12,Brandenburg,6013,3054,2959,298,229,69,239,197,42,5.0,3.8,1.1,4.0,3.3,0.7
12068188,Herzberg (Mark),12,Brandenburg,630,313,317,33,20,13,15,12,3,5.2,3.2,2.1,2.4,1.9,0.5
12068280,"Lindow (Mark), Stadt",12,Brandenburg,2966,1499,1467,170,127,43,110,80,30,5.7,4.3,1.4,3.7,2.7,1.0
12068372,Rüthnick,12,Brandenburg,479,247,232,28,-1,-1,6,-1,-1,5.8,,,1.3,,
12068437,Vielitzsee,12,Brandenburg,463,246,217,27,-1,-1,21,18,3,5.8,,,4.5,3.9,0.6
12068052,Breddin,12,Brandenburg,908,454,454,46,37,9,39,29,10,5.1,4.1,1.0,4.3,3.2,1.1
12068109,Dreetz,12,Brandenburg,1157,572,585,39,36,3,17,14,3,3.4,3.1,0.3,1.5,1.2,0.3
12068324,"Neustadt (Dosse), Stadt",12,Brandenburg,3435,1682,1753,177,139,38,121,98,23,5.2,4.0,1.1,3.5,2.9,0.7
12068409,Sieversdorf-Hohenofen,12,Brandenburg,706,366,340,39,32,7,29,21,8,5.5,4.5,1.0,4.1,3.0,1.1
12068417,Stüdenitz-Schönermark,12,Brandenburg,578,300,278,27,20,7,17,13,4,4.7,3.5,1.2,2.9,2.2,0.7
12068501,Zernitz-Lohm,12,Brandenburg,873,450,423,54,37,17,22,17,5,6.2,4.2,1.9,2.5,1.9,0.6
12068072,Dabergotz,12,Brandenburg,599,294,305,28,17,11,12,6,6,4.7,2.8,1.8,2.0,1.0,1.0
12068306,Märkisch Linden,12,Brandenburg,1178,596,582,57,43,14,41,31,10,4.8,3.7,1.2,3.5,2.6,0.8
12068413,Storbeck-Frankendorf,12,Brandenburg,478,234,244,31,27,4,10,-1,-1,6.5,5.6,0.8,2.1,,
12068425,Temnitzquell,12,Brandenburg,756,376,380,43,31,12,15,11,4,5.7,4.1,1.6,2.0,1.5,0.5
12068426,Temnitztal,12,Brandenburg,1461,734,727,69,45,24,33,21,12,4.7,3.1,1.6,2.3,1.4,0.8
12068452,Walsleben,12,Brandenburg,812,431,381,42,30,12,30,24,6,5.2,3.7,1.5,3.7,3.0,0.7
12069017,"Beelitz, Stadt",12,Brandenburg,12121,6098,6023,652,420,232,701,465,236,5.4,3.5,1.9,5.8,3.8,1.9
12069020,"Bad Belzig, Stadt",12,Brandenburg,11120,5490,5630,610,454,156,623,472,151,5.5,4.1,1.4,5.6,4.2,1.4
12069249,Groß Kreutz (Havel),12,Brandenburg,8133,4099,4034,401,279,122,281,208,73,4.9,3.4,1.5,3.5,2.6,0.9
12069304,Kleinmachnow,12,Brandenburg,20655,9913,10742,1016,741,275,984,715,269,4.9,3.6,1.3,4.8,3.5,1.3
12069306,Kloster Lehnin,12,Brandenburg,10720,5397,5323,571,397,174,449,298,151,5.3,3.7,1.6,4.2,2.8,1.4
12069397,Michendorf,12,Brandenburg,12178,5912,6266,608,399,209,476,290,186,5.0,3.3,1.7,3.9,2.4,1.5
12069454,Nuthetal,12,Brandenburg,8930,4429,4501,475,296,179,612,439,173,5.3,3.3,2.0,6.9,4.9,1.9
12069590,Schwielowsee,12,Brandenburg,10494,5158,5336,531,352,179,376,246,130,5.1,3.4,1.7,3.6,2.3,1.2
12069596,Seddiner See,12,Brandenburg,4349,2216,2133,230,149,81,120,83,37,5.3,3.4,1.9,2.8,1.9,0.9
12069604,Stahnsdorf,12,Brandenburg,15127,7481,7646,856,555,301,4495,3709,786,5.7,3.7,2.0,29.7,24.5,5.2
12069616,"Teltow, Stadt",12,Brandenburg,25483,12604,12879,1312,851,461,1280,934,346,5.1,3.3,1.8,5.0,3.7,1.4
12069632,"Treuenbrietzen, Stadt",12,Brandenburg,7379,3629,3750,342,248,94,248,175,73,4.6,3.4,1.3,3.4,2.4,1.0
12069656,"Werder (Havel), Stadt",12,Brandenburg,24856,12275,12581,1365,921,444,1171,802,369,5.5,3.7,1.8,4.7,3.2,1.5
12069665,Wiesenburg/Mark,12,Brandenburg,4420,2277,2143,247,193,54,147,113,34,5.6,4.4,1.2,3.3,2.6,0.8
12069018,Beetzsee,12,Brandenburg,2512,1282,1230,132,90,42,114,78,36,5.3,3.6,1.7,4.5,3.1,1.4
12069019,Beetzseeheide,12,Brandenburg,675,348,327,44,32,12,39,25,14,6.5,4.7,1.8,5.8,3.7,2.1
12069270,"Havelsee, Stadt",12,Brandenburg,3234,1624,1610,164,120,44,83,65,18,5.1,3.7,1.4,2.6,2.0,0.6
12069460,Päwesin,12,Brandenburg,531,269,262,26,-1,-1,19,-1,-1,4.9,,,3.6,,
12069541,Roskow,12,Brandenburg,1189,617,572,77,63,14,42,37,5,6.5,5.3,1.2,3.5,3.1,0.4
12069052,Borkheide,12,Brandenburg,1924,989,935,114,85,29,78,60,18,5.9,4.4,1.5,4.1,3.1,0.9
12069056,Borkwalde,12,Brandenburg,1496,744,752,65,48,17,22,16,6,4.3,3.2,1.1,1.5,1.1,0.4
12069076,"Brück, Stadt",12,Brandenburg,4095,2150,1945,187,118,69,144,92,52,4.6,2.9,1.7,3.5,2.2,1.3
12069216,Golzow,12,Brandenburg,1307,658,649,76,55,21,48,33,15,5.8,4.2,1.6,3.7,2.5,1.1
12069345,Linthe,12,Brandenburg,928,474,454,58,38,20,65,46,19,6.2,4.1,2.2,7.0,5.0,2.0
12069470,Planebruch,12,Brandenburg,1042,546,496,59,40,19,38,28,10,5.7,3.8,1.8,3.6,2.7,1.0
12069402,Mühlenfließ,12,Brandenburg,921,464,457,43,26,17,27,13,14,4.7,2.8,1.8,2.9,1.4,1.5
12069448,"Niemegk, Stadt",12,Brandenburg,2006,1023,983,104,78,26,94,74,20,5.2,3.9,1.3,4.7,3.7,1.0
12069474,Planetal,12,Brandenburg,959,494,465,43,29,14,20,17,3,4.5,3.0,1.5,2.1,1.8,0.3
12069485,Rabenstein/Fläming,12,Brandenburg,820,441,379,45,34,11,30,24,6,5.5,4.1,1.3,3.7,2.9,0.7
12069028,Bensdorf,12,Brandenburg,1235,611,624,61,41,20,56,41,15,4.9,3.3,1.6,4.5,3.3,1.2
12069537,Rosenau,12,Brandenburg,933,471,462,65,51,14,29,22,7,7.0,5.5,1.5,3.1,2.4,0.8
12069688,Wusterwitz,12,Brandenburg,3029,1483,1546,174,140,34,108,89,19,5.7,4.6,1.1,3.6,2.9,0.6
12069089,Buckautal,12,Brandenburg,492,256,236,32,-1,-1,15,-1,-1,6.5,,,3.0,,
12069224,Görzke,12,Brandenburg,1240,629,611,69,56,13,37,29,8,5.6,4.5,1.0,3.0,2.3,0.6
12069232,Gräben,12,Brandenburg,531,263,268,27,19,8,14,7,7,5.1,3.6,1.5,2.6,1.3,1.3
12069648,Wenzlow,12,Brandenburg,535,272,263,29,25,4,21,16,5,5.4,4.7,0.7,3.9,3.0,0.9
12069680,Wollin,12,Brandenburg,860,426,434,53,39,14,49,40,9,6.2,4.5,1.6,5.7,4.7,1.0
12069696,"Ziesar, Stadt",12,Brandenburg,2451,1208,1243,154,118,36,149,118,31,6.3,4.8,1.5,6.1,4.8,1.3
12070125,Groß Pankow (Prignitz),12,Brandenburg,3955,2066,1889,191,138,53,104,75,29,4.8,3.5,1.3,2.6,1.9,0.7
12070149,Gumtow,12,Brandenburg,3438,1779,1659,179,142,37,77,53,24,5.2,4.1,1.1,2.2,1.5,0.7
12070173,Karstädt,12,Brandenburg,5983,3013,2970,264,184,80,203,140,63,4.4,3.1,1.3,3.4,2.3,1.1
12070296,"Perleberg, Stadt",12,Brandenburg,12204,6047,6157,639,468,171,647,472,175,5.2,3.8,1.4,5.3,3.9,1.4
12070302,Plattenburg,12,Brandenburg,3413,1724,1689,178,132,46,138,98,40,5.2,3.9,1.3,4.0,2.9,1.2
12070316,"Pritzwalk, Stadt",12,Brandenburg,11922,5826,6096,570,418,152,572,429,143,4.8,3.5,1.3,4.8,3.6,1.2
12070424,"Wittenberge, Stadt",12,Brandenburg,17206,8293,8913,927,699,228,855,631,224,5.4,4.1,1.3,5.0,3.7,1.3
12070008,"Bad Wilsnack, Stadt",12,Brandenburg,2558,1235,1323,147,112,35,177,133,44,5.7,4.4,1.4,6.9,5.2,1.7
12070052,Breese,12,Brandenburg,1481,756,725,70,50,20,32,22,10,4.7,3.4,1.4,2.2,1.5,0.7
12070241,Legde/Quitzöbel,12,Brandenburg,619,319,300,34,25,9,14,9,5,5.5,4.0,1.5,2.3,1.5,0.8
12070348,Rühstädt,12,Brandenburg,461,231,230,19,16,3,20,14,6,4.1,3.5,0.7,4.3,3.0,1.3
12070416,Weisen,12,Brandenburg,979,503,476,45,33,12,35,28,7,4.6,3.4,1.2,3.6,2.9,0.7
12070060,Cumlosen,12,Brandenburg,734,371,363,41,27,14,19,16,3,5.6,3.7,1.9,2.6,2.2,0.4
12070236,Lanz,12,Brandenburg,745,369,376,40,30,10,30,22,8,5.4,4.0,1.3,4.0,3.0,1.1
12070244,"Lenzen (Elbe), Stadt",12,Brandenburg,2219,1074,1145,127,89,38,91,70,21,5.7,4.0,1.7,4.1,3.2,0.9
12070246,Lenzerwische,12,Brandenburg,466,238,228,29,22,7,20,15,5,6.2,4.7,1.5,4.3,3.2,1.1
12070096,Gerdshagen,12,Brandenburg,505,258,247,20,12,8,20,13,7,4.0,2.4,1.6,4.0,2.6,1.4
12070153,Halenbeck-Rohlsdorf,12,Brandenburg,546,281,265,20,16,4,9,5,4,3.7,2.9,0.7,1.6,0.9,0.7
12070222,Kümmernitztal,12,Brandenburg,371,197,174,17,14,3,3,3,n/a,4.6,3.8,0.8,0.8,0.8,
12070266,Marienfließ,12,Brandenburg,712,357,355,34,21,13,22,12,10,4.8,2.9,1.8,3.1,1.7,1.4
12070280,"Meyenburg, Stadt",12,Brandenburg,2124,1070,1054,93,65,28,92,67,25,4.4,3.1,1.3,4.3,3.2,1.2
12070028,Berge,12,Brandenburg,770,408,362,36,24,12,32,14,18,4.7,3.1,1.6,4.2,1.8,2.3
12070145,Gülitz-Reetz,12,Brandenburg,479,247,232,26,17,9,14,9,5,5.4,3.5,1.9,2.9,1.9,1.0
12070300,Pirow,12,Brandenburg,460,229,231,23,14,9,23,20,3,5.0,3.0,2.0,5.0,4.3,0.7
12070325,"Putlitz, Stadt",12,Brandenburg,2737,1417,1320,128,98,30,86,63,23,4.7,3.6,1.1,3.1,2.3,0.8
12070393,Triglitz,12,Brandenburg,486,248,238,31,24,7,11,6,5,6.4,4.9,1.4,2.3,1.2,1.0
12071057,"Drebkau, Stadt",12,Brandenburg,5626,2849,2777,312,254,58,200,145,55,5.5,4.5,1.0,3.6,2.6,1.0
12071076,"Forst (Lausitz), Stadt",12,Brandenburg,18773,9172,9601,1056,845,211,840,671,169,5.6,4.5,1.1,4.5,3.6,0.9
12071160,"Guben, Stadt",12,Brandenburg,17616,8385,9231,885,714,171,762,603,159,5.0,4.1,1.0,4.3,3.4,0.9
12071244,Kolkwitz,12,Brandenburg,9147,4611,4536,497,343,154,347,247,100,5.4,3.7,1.7,3.8,2.7,1.1
12071301,Neuhausen/Spree,12,Brandenburg,4997,2512,2485,294,213,81,128,93,35,5.9,4.3,1.6,2.6,1.9,0.7
12071337,Schenkendöbern,12,Brandenburg,3662,1851,1811,207,145,62,127,96,31,5.7,4.0,1.7,3.5,2.6,0.8
12071372,"Spremberg, Stadt",12,Brandenburg,22232,10820,11412,1211,957,254,1126,905,221,5.4,4.3,1.1,5.1,4.1,1.0
12071408,"Welzow, Stadt",12,Brandenburg,3645,1804,1841,193,145,48,119,94,25,5.3,4.0,1.3,3.3,2.6,0.7
12071028,Briesen,12,Brandenburg,767,383,384,47,29,18,16,12,4,6.1,3.8,2.3,2.1,1.6,0.5
12071032,Burg (Spreewald),12,Brandenburg,4338,2149,2189,293,198,95,419,285,134,6.8,4.6,2.2,9.7,6.6,3.1
12071041,Dissen-Striesow,12,Brandenburg,1006,530,476,51,33,18,16,-1,-1,5.1,3.3,1.8,1.6,,
12071164,Guhrow,12,Brandenburg,514,255,259,30,23,7,19,14,5,5.8,4.5,1.4,3.7,2.7,1.0
12071341,Schmogrow-Fehrow,12,Brandenburg,813,414,399,43,37,6,11,8,3,5.3,4.6,0.7,1.4,1.0,0.4
12071412,Werben,12,Brandenburg,1703,850,853,104,75,29,44,33,11,6.1,4.4,1.7,2.6,1.9,0.6
12071044,"Döbern, Stadt",12,Brandenburg,3296,1577,1719,194,160,34,138,103,35,5.9,4.9,1.0,4.2,3.1,1.1
12071074,Felixsee,12,Brandenburg,1920,976,944,93,77,16,46,39,7,4.8,4.0,0.8,2.4,2.0,0.4
12071153,Groß Schacksdorf-Simmersdorf,12,Brandenburg,1233,644,589,66,56,10,19,-1,-1,5.4,4.5,0.8,1.5,,
12071185,Hornow-Wadelsdorf,12,Brandenburg,586,298,288,37,26,11,19,14,5,6.3,4.4,1.9,3.2,2.4,0.9
12071189,Jämlitz-Klein Düben,12,Brandenburg,482,244,238,27,21,6,3,3,n/a,5.6,4.4,1.2,0.6,0.6,
12071294,Neiße-Malxetal,12,Brandenburg,1657,850,807,82,60,22,47,38,9,4.9,3.6,1.3,2.8,2.3,0.5
12071392,Tschernitz,12,Brandenburg,1271,648,623,66,44,22,39,29,10,5.2,3.5,1.7,3.1,2.3,0.8
12071414,Wiesengrund,12,Brandenburg,1390,711,679,69,50,19,19,-1,-1,5.0,3.6,1.4,1.4,,
12071052,Drachhausen,12,Brandenburg,816,428,388,38,30,8,18,15,3,4.7,3.7,1.0,2.2,1.8,0.4
12071060,Drehnow,12,Brandenburg,550,279,271,24,16,8,8,-1,-1,4.4,2.9,1.5,1.5,,
12071176,Heinersbrück,12,Brandenburg,602,310,292,27,21,6,8,-1,-1,4.5,3.5,1.0,1.3,,
12071193,Jänschwalde,12,Brandenburg,1535,787,748,74,61,13,34,26,8,4.8,4.0,0.8,2.2,1.7,0.5
12071304,"Peitz, Stadt",12,Brandenburg,4445,2200,2245,246,183,63,214,163,51,5.5,4.1,1.4,4.8,3.7,1.1
12071384,Tauer,12,Brandenburg,709,362,347,38,22,16,19,11,8,5.4,3.1,2.3,2.7,1.6,1.1
12071386,Teichland,12,Brandenburg,1150,577,573,56,43,13,27,22,5,4.9,3.7,1.1,2.3,1.9,0.4
12071401,Turnow-Preilack,12,Brandenburg,1154,583,571,68,41,27,29,21,8,5.9,3.6,2.3,2.5,1.8,0.7
12072002,Am Mellensee,12,Brandenburg,6628,3356,3272,355,257,98,219,150,69,5.4,3.9,1.5,3.3,2.3,1.0
12072014,"Baruth/Mark, Stadt",12,Brandenburg,4146,2132,2014,185,133,52,139,99,40,4.5,3.2,1.3,3.4,2.4,1.0
12072017,Blankenfelde-Mahlow,12,Brandenburg,26319,13000,13319,1501,947,554,1056,721,335,5.7,3.6,2.1,4.0,2.7,1.3
12072120,Großbeeren,12,Brandenburg,8398,4411,3987,548,360,188,725,484,241,6.5,4.3,2.2,8.6,5.8,2.9
12072169,"Jüterbog, Stadt",12,Brandenburg,12314,6009,6305,634,479,155,625,487,138,5.1,3.9,1.3,5.1,4.0,1.1
12072232,"Luckenwalde, Stadt",12,Brandenburg,20358,9890,10468,1029,753,276,1007,773,234,5.1,3.7,1.4,4.9,3.8,1.1
12072240,"Ludwigsfelde, Stadt",12,Brandenburg,25030,12396,12634,1377,848,529,1141,711,430,5.5,3.4,2.1,4.6,2.8,1.7
12072297,Niedergörsdorf,12,Brandenburg,6084,3130,2954,256,192,64,138,97,41,4.2,3.2,1.1,2.3,1.6,0.7
12072298,Niederer Fläming,12,Brandenburg,3160,1637,1523,122,88,34,61,41,20,3.9,2.8,1.1,1.9,1.3,0.6
12072312,Nuthe-Urstromtal,12,Brandenburg,6703,3461,3242,315,215,100,166,109,57,4.7,3.2,1.5,2.5,1.6,0.9
12072340,Rangsdorf,12,Brandenburg,10848,5308,5540,547,363,184,465,328,137,5.0,3.3,1.7,4.3,3.0,1.3
12072426,"Trebbin, Stadt",12,Brandenburg,9394,4757,4637,532,384,148,491,368,123,5.7,4.1,1.6,5.2,3.9,1.3
12072477,"Zossen, Stadt",12,Brandenburg,17905,8888,9017,928,632,296,917,615,302,5.2,3.5,1.7,5.1,3.4,1.7
12072053,"Dahme/Mark, Stadt",12,Brandenburg,5073,2516,2557,260,179,81,202,148,54,5.1,3.5,1.6,4.0,2.9,1.1
12072055,Dahmetal,12,Brandenburg,488,251,237,20,13,7,17,12,5,4.1,2.7,1.4,3.5,2.5,1.0
12072157,Ihlow,12,Brandenburg,705,372,333,36,23,13,22,15,7,5.1,3.3,1.8,3.1,2.1,1.0
12073008,"Angermünde, Stadt",12,Brandenburg,13805,6633,7172,719,578,141,480,384,96,5.2,4.2,1.0,3.5,2.8,0.7
12073069,Boitzenburger Land,12,Brandenburg,3213,1651,1562,177,120,57,172,120,52,5.5,3.7,1.8,5.4,3.7,1.6
12073384,"Lychen, Stadt",12,Brandenburg,3135,1519,1616,172,130,42,144,103,41,5.5,4.1,1.3,4.6,3.3,1.3
12073429,Nordwestuckermark,12,Brandenburg,4288,2175,2113,218,182,36,122,100,22,5.1,4.2,0.8,2.8,2.3,0.5
12073452,"Prenzlau, Stadt",12,Brandenburg,19275,9337,9938,869,700,169,1040,828,212,4.5,3.6,0.9,5.4,4.3,1.1
12073532,"Schwedt/Oder, Stadt",12,Brandenburg,30262,14547,15715,1401,1158,243,1591,1328,263,4.6,3.8,0.8,5.3,4.4,0.9
12073572,"Templin, Stadt",12,Brandenburg,16067,7849,8218,785,605,180,861,635,226,4.9,3.8,1.1,5.4,4.0,1.4
12073579,Uckerland,12,Brandenburg,2740,1399,1341,99,74,25,70,49,21,3.6,2.7,0.9,2.6,1.8,0.8
12073085,"Brüssow, Stadt",12,Brandenburg,1876,935,941,79,66,13,64,55,9,4.2,3.5,0.7,3.4,2.9,0.5
12073093,Carmzow-Wallmow,12,Brandenburg,634,337,297,37,27,10,30,23,7,5.8,4.3,1.6,4.7,3.6,1.1
12073216,Göritz,12,Brandenburg,780,377,403,34,21,13,31,20,11,4.4,2.7,1.7,4.0,2.6,1.4
12073490,Schenkenberg,12,Brandenburg,600,301,299,39,24,15,34,27,7,6.5,4.0,2.5,5.7,4.5,1.2
12073520,Schönfeld,12,Brandenburg,615,317,298,31,25,6,13,9,4,5.0,4.1,1.0,2.1,1.5,0.7
12073097,Casekow,12,Brandenburg,1893,957,936,86,70,16,53,46,7,4.5,3.7,0.8,2.8,2.4,0.4
12073189,"Gartz (Oder), Stadt",12,Brandenburg,2478,1214,1264,102,74,28,98,83,15,4.1,3.0,1.1,4.0,3.3,0.6
12073309,Hohenselchow-Groß Pinnow,12,Brandenburg,817,413,404,36,30,6,36,-1,-1,4.4,3.7,0.7,4.4,,
12073393,Mescherin,12,Brandenburg,786,417,369,33,25,8,14,-1,-1,4.2,3.2,1.0,1.8,,
12073565,Tantow,12,Brandenburg,763,378,385,31,26,5,10,10,n/a,4.1,3.4,0.7,1.3,1.3,
12073157,Flieth-Stegelitz,12,Brandenburg,546,280,266,28,21,7,27,19,8,5.1,3.8,1.3,4.9,3.5,1.5
12073201,Gerswalde,12,Brandenburg,1604,848,756,78,65,13,59,48,11,4.9,4.1,0.8,3.7,3.0,0.7
12073396,Milmersdorf,12,Brandenburg,1466,785,681,65,51,14,28,-1,-1,4.4,3.5,1.0,1.9,,
12073404,Mittenwalde,12,Brandenburg,372,194,178,21,15,6,11,-1,-1,5.6,4.0,1.6,3.0,,
12073569,Temmen-Ringenwalde,12,Brandenburg,548,286,262,16,13,3,11,-1,-1,2.9,2.4,0.5,2.0,,
12073225,Gramzow,12,Brandenburg,1901,956,945,115,85,30,127,107,20,6.0,4.5,1.6,6.7,5.6,1.1
12073261,Grünow,12,Brandenburg,941,481,460,52,42,10,18,14,4,5.5,4.5,1.1,1.9,1.5,0.4
12073430,Oberuckersee,12,Brandenburg,1698,870,828,89,75,14,70,55,15,5.2,4.4,0.8,4.1,3.2,0.9
12073458,Randowtal,12,Brandenburg,932,476,456,55,47,8,21,17,4,5.9,5.0,0.9,2.3,1.8,0.4
12073578,Uckerfelde,12,Brandenburg,948,485,463,57,47,10,28,24,4,6.0,5.0,1.1,3.0,2.5,0.4
12073645,Zichow,12,Brandenburg,583,298,285,56,44,12,-1,-1,-1,9.6,7.5,2.1,-0.2,,
12073032,Berkholz-Meyenburg,12,Brandenburg,1257,642,615,43,33,10,31,26,5,3.4,2.6,0.8,2.5,2.1,0.4
12073386,Mark Landin,12,Brandenburg,1014,526,488,34,27,7,-1,-1,-1,3.4,2.7,0.7,-0.1,,
12073440,Pinnow,12,Brandenburg,853,418,435,42,35,7,33,23,10,4.9,4.1,0.8,3.9,2.7,1.2
12073505,Schöneberg,12,Brandenburg,851,438,413,43,28,15,14,9,5,5.1,3.3,1.8,1.6,1.1,0.6
12073603,Passow,12,Brandenburg,1473,753,720,59,46,13,33,25,8,4.0,3.1,0.9,2.2,1.7,0.5
